{
  "configVersion": 1,
  "timestamp": 1604583784105,
  "index": "/index.html",
  "assetGroups": [
    {
      "name": "app",
      "installMode": "prefetch",
      "updateMode": "prefetch",
      "cacheQueryOptions": {
        "ignoreVary": true
      },
      "urls": [
        "/1.b13ccc5a9a3556caefa7.js",
        "/2.22504a7c85cf9390b16e.js",
        "/6.f599122be19634eef8ca.js",
        "/favicon.ico",
        "/index.html",
        "/main.2909826a0edc650c9c73.js",
        "/manifest.webmanifest",
        "/polyfills.8456b03b9e12a1d468e8.js",
        "/runtime.f03323df320145758c0d.js",
        "/styles.bde8bf6c21e6ef9a524b.css"
      ],
      "patterns": []
    },
    {
      "name": "assets",
      "installMode": "lazy",
      "updateMode": "prefetch",
      "cacheQueryOptions": {
        "ignoreVary": true
      },
      "urls": [
        "/assets/icons/icon-128x128.png",
        "/assets/icons/icon-144x144.png",
        "/assets/icons/icon-152x152.png",
        "/assets/icons/icon-192x192.png",
        "/assets/icons/icon-384x384.png",
        "/assets/icons/icon-512x512.png",
        "/assets/icons/icon-72x72.png",
        "/assets/icons/icon-96x96.png",
        "/assets/icons/scroll-left.svg",
        "/assets/icons/scroll-right.svg",
        "/assets/logos/compressed/angularLogoWhite.svg",
        "/assets/logos/compressed/jsLogoWhite.svg",
        "/assets/logos/compressed/tsLogoWhite.svg",
        "/assets/logos/og/angularLogoWhite.svg",
        "/assets/logos/og/jsLogoWhite.svg",
        "/assets/logos/og/tsLogoWhite.svg",
        "/assets/screens/news-app.png"
      ],
      "patterns": []
    }
  ],
  "dataGroups": [],
  "hashTable": {
    "/1.b13ccc5a9a3556caefa7.js": "420b2f2cd918c145b8b2ce9dab49f3debf071b58",
    "/2.22504a7c85cf9390b16e.js": "aa8ec778c310a7a76b7125a60985faab82a9775b",
    "/6.f599122be19634eef8ca.js": "5355a7113133ab0b7e302a8596cebe3604ea698b",
    "/assets/icons/icon-128x128.png": "517e92dc4a106290391b74efd3345df4d1334d39",
    "/assets/icons/icon-144x144.png": "39ba0817faf4a66373716e3220390bce25fe8f74",
    "/assets/icons/icon-152x152.png": "80a473bc7cbbc40092906bcec6b55d8722ec3339",
    "/assets/icons/icon-192x192.png": "37f3f538a1c34e19334d270b5b40cc7f7cde63da",
    "/assets/icons/icon-384x384.png": "ab8842269077cd87b2e38b89012b37e59f098116",
    "/assets/icons/icon-512x512.png": "166c4c9de89ce5f003b67ef210ed2955fb1508d5",
    "/assets/icons/icon-72x72.png": "16009c0547091e04606975e790b15cd63ecb7f0a",
    "/assets/icons/icon-96x96.png": "cfdb8573a38c8f45f239e95a18f7c336127fceb2",
    "/assets/icons/scroll-left.svg": "e4c07be8c1b10dc1f036dfc1b0de31bb92212cbf",
    "/assets/icons/scroll-right.svg": "6f5669df518231407e6d67c0140becc82a767177",
    "/assets/logos/compressed/angularLogoWhite.svg": "4297f76c1d74da44128b41c5cdf8441392d33a7c",
    "/assets/logos/compressed/jsLogoWhite.svg": "4bd1615f16e117198cd74b23550109d05f37804e",
    "/assets/logos/compressed/tsLogoWhite.svg": "97c0bc99169e2e335c1e90728527348d8d20d79e",
    "/assets/logos/og/angularLogoWhite.svg": "e947b8121546e1011b26de9b4992bcd68dd4db3b",
    "/assets/logos/og/jsLogoWhite.svg": "f9214d3f980d7d4b3bd404e198313c8d657921b7",
    "/assets/logos/og/tsLogoWhite.svg": "4a6f729602f5304ce56a35c46c9baf208e3551f4",
    "/assets/screens/news-app.png": "330a7626d8b54d917f64fec6b3b0b8ea0a94a270",
    "/favicon.ico": "22f6a4a3bcaafafb0254e0f2fa4ceb89e505e8b2",
    "/index.html": "1515a7267cc41a129047761738c9a746f1513b47",
    "/main.2909826a0edc650c9c73.js": "a95000764a70eba1a7a31869fc2b1a4f132f18fb",
    "/manifest.webmanifest": "e14484a4f652e2f158ec8045c44ef1b6d61e9f2d",
    "/polyfills.8456b03b9e12a1d468e8.js": "2dcfebbcebb2ac3b3ffca5ed0b4062735c4d8c83",
    "/runtime.f03323df320145758c0d.js": "8d72efb1a4e1928ae00f9f5f1b61f5542c6ac236",
    "/styles.bde8bf6c21e6ef9a524b.css": "4d59d13c7e2faa8dc62ab123dfd86c21eb5d7cd3"
  },
  "navigationUrls": [
    {
      "positive": true,
      "regex": "^\\/.*$"
    },
    {
      "positive": false,
      "regex": "^\\/(?:.+\\/)?[^/]*\\.[^/]*$"
    },
    {
      "positive": false,
      "regex": "^\\/(?:.+\\/)?[^/]*__[^/]*$"
    },
    {
      "positive": false,
      "regex": "^\\/(?:.+\\/)?[^/]*__[^/]*\\/.*$"
    }
  ]
}